Index,Title,Year,Genre,Director,Writer,Actors,Language,Country,Awards,IMDB rating
1,Enakku Innum Kalyanam Aakale,2019,Comedy,Murugalingam,,"Jagan, Piraisoodan, Raihana",Tamil,India,N/A,
2,Kalavani 2,2019,"Comedy, Drama, Romance",A. Sarkunam,A. Sarkunam,"Vimal, Oviya, Saranya Ponvannan, Ilavarasu",Tamil,India,N/A,5.2
3,Raatchasi,2019,Drama,Sy Gowthamraj,Bharathi Thambi,"Jyotika, Hareesh Peradi, Poornima Jayaram, Sathyan",Tamil,India,N/A,7.3
4,Bodhai Yeri Budhi Maari,2019,"Drama, Thriller",Chandru,,Pradaini Surva,Tamil,India,N/A,
5,Gorilla,2019,Comedy,Don Sandy,"Don Sandy (dialogue), Don Sandy (screenplay), Don Sandy (story)","Jiiva, Shalini Pandey, Radha Ravi, Sathish",Tamil,India,N/A,4.6
6,Gurkha,2019,"Action, Comedy",Sam Anton,Sam Anton,"Yogi Babu, Charlie, Elyssa Erhardt, Anandraj",Tamil,India,N/A,4.7
7,Thozhar Venkatesan,2019,Drama,Mahashivan,Mahashivan,"K. Hari Shankar, Monica Chinnakotla",Tamil,India,N/A,6.8
8,Vennila Kabaddi Kuzhu 2,2019,"Action, Drama",Selva Sekaran,"Selva Sekaran, Suseenthiran (story)","Appukutty, Arthana Binu, Kishore Kumar G., 'Ganja' Karuppu",Tamil,India,N/A,5.5
9,Kadaram Kondan,2019,"Action, Thriller",Rajesh M. Selva,Rajesh M. Selva,"Vikram, Akshara Haasan, Abi Hassan, Lena","Tamil, Telugu",India,N/A,5.7
10,Unarvu,2019,"Comedy, Drama, Thriller",Subbu,,"Kottachi, Ankitha Navya, Arul D. Shankar, Shinav",Tamil,India,N/A,
11,A1,2019,"Comedy, Drama",K. Johnson,K. Johnson,"Santhanam, Tara-Alisha Berry, Motta Rajendran, Yatin Karyekar",Tamil,India,N/A,5.7
12,Chennai Palani Mars,2019,"Adventure, Comedy, Drama, Fantasy",Biju Viswanath,"Vijay Sethupathi, Biju Viswanath","Praveen Raja, Rajesh Giriprasad, Vasant Marimuthu, A. Ravikumar",Tamil,India,N/A,7.2
13,Kolanji,2018,"Comedy, Drama",Dhanaram Saravanan,"Naveen, Dhanaram Saravanan","Nadodigal Gopal, Kribakaran, Rujil Krishna, Pichaikkaran Moorthy",Tamil,India,N/A,N/A
14,Jackpot,2019,"Action, Comedy",Kalyaan,Kalyaan,"Samuthirakani, Anandraj, Motta Rajendran, Yogi Babu",Tamil,India,N/A,5.4
15,Kazhugu 2,2019,"Comedy, Crime",Sathyasiva,Sathyasiva,"Kreshna, Bindhu Madhavi, Kaali Venkat, Crane Manohar",Tamil,India,N/A,5.6
16,Thorati,2019,Romance,P. Marimuthu,N/A,"C.V. Kumar, Sathyakala",Tamil,India,N/A,N/A
17,Nerkonda Paarvai,2019,"Action, Drama, Thriller",H. Vinoth,H. Vinoth,"Ajith Kumar, Vidya Balan, Rangaraj Pandey, Shraddha Srinath",Tamil,India,N/A,8.5
18,Kolaiyuthir Kaalam,2019,"Drama, Thriller",Chakri Toleti,"Sara Bodinar (additional screenplay), Adam Hiebeler, Carl Lauricella, Chakri Toleti (story)","Nayanthara, Lee Nicholas Harris, Lee Byford, Richard Banks",Tamil,India,N/A,N/A
19,Reel,2019,Drama,Munuswamy,N/A,"Avantika, Captain Garudu, Uday Raj, Kpy Sarath",Tamil,India,N/A,N/A
20,Comali,2019,Comedy,Pradeep Ranganathan,Pradeep Ranganathan,"Jayam Ravi, Kajal Aggarwal, Yogi Babu, K.S. Ravikumar",Tamil,India,N/A,7.2
21,Kennedy Club,2019,"Drama, Sport",Suseenthiran,Suseenthiran,"M. Sasikumar, Bharathiraja, Meenakshi Govindarajan, Soori",Tamil,India,N/A,7.3
22,Bakrid,2019,Drama,Jagadeesan Subu,Jagadeesan Subu,"Vikranth, Vasundhara Kashyap, Rohit Pathak, Sarah",Tamil,India,N/A,7.6
23,Mei,2019,Action,Bhaskar,N/A,"Charle, Ajay Ghosh, Iswaria Rajesh",Tamil,India,N/A,7
24,Saaho,2019,"Action, Thriller",Sujeeth,"Sujeeth (screenplay), Sujeeth (telugu dialogue), K.G.R Ashok (tamil dialogue), Abbas Dalal (hindi dialogue), Hussain Dalal (hindi dialogue)","Prabhas, Shraddha Kapoor, Jackie Shroff, Neil Nitin Mukesh","Telugu, Tamil, Hindi, Malayalam, English, Japanese, Spanish, French, Punjabi",India,N/A,5.3
25,Sixer,2019,Comedy,Chachi,Chachi,"Vaibhav Reddy, Palak Lalwani, Sathish, Radha Ravi",Tamil,India,N/A,6.4
26,Magamuni,2019,"Crime, Drama, Thriller","Santha Kumar, Santha Kumar","Santha Kumar, Santha Kumar","Arya, Mahima Nambiar, Indhuja Ravichandran, Ilavarasu",Tamil,India,N/A,8
27,Sivappu Manjal Pachai,2019,"Action, Thriller",Sasi,Sasi,"Siddharth, G.V. Prakash Kumar, Lijo Mol Jose, Kashmira Pardesi",Tamil,India,N/A,7.1
28,Zombie,2019,"Comedy, Horror",Bhuvan Nullan R.,Bhuvan Nullan R.,"Yaashika Aanand, Yogi Babu, Manobala, Bijili Ramesh",Tamil,India,N/A,3.6
29,Kaappaan,2019,"Action, Thriller",K.V. Anand,"K.V. Anand, Pattukottai Prabhakar, Kabilan Vairamuthu","Suriya, Mohanlal, Manoj Anand, Chris Wilson",Tamil,India,N/A,6.5
30,Oththa Seruppu Size 7,2019,Drama,Parthiban,Parthiban,Parthiban,Tamil,India,N/A,9.4
31,Super Duper,2019,"Comedy, Thriller",A.K.,N/A,"Dhruva, Sha Ra, Indhuja Ravichandran","Tamil, Telugu",India,N/A,6.4
32,Namma Veettu Pillai,2019,"Action, Comedy, Drama",Pandiraj,"Pandiraj (Dialogue), Pandiraj (Screenplay), Pandiraj (Story)","Sivakarthikeyan, Bharathiraja, Soori, Aishwarya Rajesh",Tamil,India,N/A,6.1
33,Thittam Poattu Thirudura Kootam,2019,"Action, Comedy, Crime",Sudhar,Sudhar,"Chaams, Chandran, Parthiban, Daniel Annie Pope",Tamil,India,N/A,N/A
34,100% Kadhal,2019,"Comedy, Drama, Romance",M.M. Chandramouli,Sukumar (story),"G.V. Prakash Kumar, Shalini Pandey, Nassar, Thambi Ramaiah",Tamil,India,N/A,4.9
35,Asuran,2019,"Action, Drama",Vetrimaaran,"M.S. Manimaran (screenplay), Poomani (based on the novel), Suka (dialogue), Vetrimaaran (dialogue), Vetrimaaran (screenplay)","Dhanush, Manju Warrier, Prakash Raj, Pasupathy",Tamil,India,3 wins.,8.6
36,Aruvam,2019,"Comedy, Horror",Sai Sekhar,N/A,"Siddharth, Catherine Tresa, Kabir Duhan Singh, Sathish",Tamil,India,N/A,4.4
37,Petromax,2019,"Comedy, Horror",Rohin Venkatesan,"Mahi v Raghav (story), G.R. Surendarnath","Tamannaah Bhatia, Prem Kumar, Munishkanth, Yogi Babu",Tamil,India,N/A,5.6
38,Puppy,2019,Drama,Nattu Dev,N/A,"Yogi Babu, Samyuktha Hegde, Varun",Tamil,India,N/A,5.8
39,Kaaviyyan,2019,Thriller,Sarathy,Parthasarathy,"L. Srinath, Athmeeya Rajan, Shaam, Sridevi",Tamil,India,N/A,5.8
40,Bigil,2019,"Action, Drama, Sport",Atlee Kumar,"Atlee Kumar (Dialogue), Atlee Kumar (Story), Atlee Kumar (screenplay), Ramanagirivasan (Dialogue)","Joseph Vijay, Nayanthara, Jackie Shroff, Vivek","Tamil, Telugu",India,1 win.,7
41,Kaithi,2019,"Action, Thriller",Lokesh Kanagaraj,Lokesh Kanagaraj,"Karthi, Narain, Ramana, George Maryan","Tamil, Telugu",India,2 wins.,8.6
42,Butler Balu,2019,Drama,Suthir .M.L.,N/A,"Yogi Babu, Mayilsamy, Robo Shankar",Tamil,India,N/A,N/A
43,Miga Miga Avasaram,2019,N/A,Suresh Kamatchi,"Jagan, Suresh Kamatchi","Sri Priyanka, Seeman",Tamil,India,N/A,N/A
44,Thavam,2019,Drama,R. Vijay Anand,N/A,"Santhana Bharathi, Bose Venkat",Tamil,India,N/A,N/A
45,Action,2019,Action,Sundar C.,"Sundar C., Venkat Raghavan, Subha","Vishal, Tamannaah Bhatia, Aishwarya Lekshmi, Ramki",Tamil,India,N/A,4.3
46,Sangathamizhan,2019,Action,Vijay Chandar,Vijay Chandar,"Vijay Sethupathi, Raashi Khanna, Nivetha Pethuraj, Ananya",Tamil,India,N/A,3.2
47,Adithya Varma,2019,"Drama, Romance",Gireesaaya,"Thiagarajan Kumararaja (additional tamil dialogue), Nalan Kumarasamy (additional tamil dialogue), Raju Murugan (tamil dialogue), Srinivasan (additional tamil dialogue), Sandeep Reddy Vanga (original story)","Dhruv Vikram, Banita Sandhu, Priya Anand, Anbu Thasan",Tamil,India,1 win.,6.4
48,KD,2019,Drama,Madhumita Sundararaman,Madhumita Sundararaman,"Yog Japee, Nagavishal, Mu Ramaswamy",Tamil,India,N/A,9
49,Maggy,2019,Horror,Karthikeyan Jagadeesh,N/A,"Harini, Nimmy, Reyaa, Sairam",Tamil,India,N/A,N/A
50,Adutha Saattai,2019,Drama,M. Anbazhagan,M. Anbazhagan,"Samuthirakani, Athulya Ravi, Thambi Ramaiah, Rajshri Ponnappa",Tamil,India,N/A,6.8
51,Azhiyatha Kolangal 2,2019,Drama,M.R. Bharathi,M.R. Bharathi,"Archana, Nassar, Prakash Raj, Mohan Raman",Tamil,India,N/A,8.4
52,Enai Noki Paayum Thota,2019,"Action, Drama, Romance, Thriller",Gautham Vasudev Menon,Gautham Vasudev Menon,"Dhanush, Megha Akash, M. Sasikumar, Senthil Veeraasamy",Tamil,India,N/A,5.8
53,Market Raja MBBS,2019,Action,Saran,Saran,"Arav, Kavya Thapar, Nikesha Patel, Nassar",Tamil,India,N/A,3.9
54,Iruttu,2019,"Drama, Horror, Mystery",Durai,Durai,"Sundar C., Dhansika, Sakshi Chaudhary, Vimala Raman",Tamil,India,N/A,7.7
55,Jada,2019,"Drama, Sport",Kumaran,N/A,"Kathir, Roshini, Yogi Babu, Kishore Kumar G.",Tamil,India,N/A,6.1
56,Capmaari,2019,"Comedy, Drama, Romance",S.A. Chandrashekhar,N/A,"Jai, Athulya Ravi, Vaibhavi Shandilya",Tamil,India,N/A,4.7
57,Chennai 2 Bangkok,2019,Drama,N/A,N/A,"Jai Akash, Sony Charishta",Tamil,India,N/A,N/A
58,Kaalidas,2019,"Action, Crime",Sri Senthil,N/A,"Bharath Srinivasan, Ann Sheetal, Suresh Chandra Menon, Aadhav Kannadasan",Tamil,India,N/A,7.7
59,Karuthukalai Pathivu Sei,2019,Drama,Rahul Paramahamsa,N/A,"S.S.R. Aryan, Upasana Rc",Tamil,India,N/A,N/A
60,Marina Puratchi,2019,Drama,M.S. Raj,N/A,"Naveen Kumar, Shruti Reddy",Tamil,India,N/A,N/A
61,Hero,2019,"Action, Drama, Thriller",P.S. Mithran,"P.S. Mithran (Dialogue), P.S. Mithran (Screenplay), P.S. Mithran (Story)","Sivakarthikeyan, Abhay Deol, Arjun Sarja, Kalyani Priyadarshan",Tamil,India,N/A,6.5
62,Thambi,2019,"Action, Thriller",Jeethu Joseph,"Sameer Arora (screenplay), Renzil D'Silva (screenplay), Jeethu Joseph (screenplay), Manikandan","Jyotika, Sathyaraj, Karthi, Showkar Janaki",Tamil,India,N/A,6.9
63,Pancharaaksharam,2019,Thriller,Balaji Vairamuthu,N/A,"Sana Altaf, Madhu Shalini, Gokul Anand, Ashwin Jerome",Tamil,India,N/A,6.7
64,Udhay,2019,Drama,Tamil Selvan,N/A,Udhay,Tamil,India,N/A,N/A
65,V1 Murder Case,2019,Drama,Pavel Navageethan,N/A,"Ram Arun Castro, Mime Gopi, Lijeesh, Vishnupriya Pillai",Tamil,India,N/A,6.7
66,Devakottai Kadhal,2019,Romance,A.R. Kassim,N/A,"Ganja' Karuppu, Seenu, Suvitha",Tamil,India,N/A,N/A
67,Maanik,2019,"Drama, Fantasy, Romance",Martyn,"Martyn (screenplay), Martyn (story)","Ma ka Pa Anand, Yogi Babu, Suza Kumar, Manobala",Tamil,India,N/A,N/A
68,Sigai,2017,Thriller,Jagadeesan Subu,Jagadeesan Subu,"Kathir, RajBharath, Riythvika, Mayil Samy",Tamil,N/A,N/A,N/A
69,Petta,2019,"Action, Drama",Karthik Subbaraj,Karthik Subbaraj,"Rajinikanth, Vijay Sethupathi, Nawazuddin Siddiqui, M. Sasikumar",Tamil,India,N/A,7.3
70,Viswasam,2019,"Action, Drama",Siva,"Siva (story and screenplay), Adi Naarayana (story and screenplay), Manikandan (dialogue), Bakyaraj (dialogue), Sabari (dialogue), Chandran (dialogue)","Ajith Kumar, Nayanthara, Sakshi Agarwal, Darbha Appaji Ambarisha","Tamil, Kannada",India,N/A,6.7
71,Charlie Chaplin 2,2019,Comedy,Sakthi Chidambaram,Sakthi Chidambaram,"Prabhu Deva, Prabhu, Nikki Galrani, Adah Sharma",Tamil,India,N/A,3.7
72,Kuthoosi,2019,N/A,Siva Sakthi,N/A,"Amala, Yogi Babu, Dileepan",Tamil,India,N/A,N/A
73,Pei Ellam Paavam,2019,N/A,Deepak Narayan,N/A,"Arasu Nadarajan, Dona Sanker, Appu Kutty",Tamil,India,N/A,N/A
74,Peranbu,2018,Drama,"Ram, Amudhavan Karuppiah(co-director), Anjana Krishnakumar(co-director)","Anjana Krishnakumar (dialogue writer), Ram","Mammootty, Sadhana, Anjali, Anjali Ameer",Tamil,India,3 wins.,9.1
75,Sagaa,2019,"Crime, Drama",Murugesh,Murugesh,"Kishore, Pandi, Prithivirajan, Saran",Tamil,India,N/A,6.9
76,Sarvam Thaala Mayam,2018,"Drama, Music",Rajiv Menon,Rajiv Menon,"G.V. Prakash Kumar, Aparna Balamurali, Nedumudi Venu, Vineeth",Tamil,India,N/A,8.8
77,Vantha Rajavathaan Varuven,2019,"Action, Comedy, Drama",Sundar C.,"Sundar C. (screenplay), Trivikram Srinivas (story)","T.R. Silambarasan, Megha Akash, Catherine Tresa, Prabhu",Tamil,India,N/A,3.9
78,Dhilluku Dhuddu 2,2019,"Comedy, Horror",Rambala,Rambala,"Santhanam, Shritha Sivadas, Rajendran, Bipin",Tamil,India,N/A,5.4
79,Podhu Nalan Karudhi,2018,"Action, Comedy, Drama",Zion,N/A,"Adith Arun, Karunakaran, Santhosh Prathap",Tamil,India,N/A,4.5
80,Avathara Vettai,2019,Drama,Star Kunjumon,N/A,Radha Ravi,Tamil,India,N/A,N/A
81,Nethraa,2019,"Drama, Thriller",A. Venkatesh,N/A,"Imman Annachi, Vinay Rai, Robo Shankar, Subiksha",Tamil,India,N/A,N/A
82,Vaandu,2019,Drama,Vashan Shaji,N/A,Sai Deena,Tamil,India,N/A,N/A
83,Kalavu,2019,Thriller,Murali Karthick,Murali Karthick,"Vatsan Chakravarthy, Chinnijayanth, Kalaiyarasan, Karunakaran",Tamil,India,N/A,7.4
84,Chithiram Pesuthadi 2,2019,N/A,Rajan Madhav,N/A,"Nivas Adithan, Ajmal Ameer, Radhika Apte, Priya Banerjee",Tamil,India,N/A,N/A
85,Goko Mako,2019,"Adventure, Comedy, Drama, Music, Musical, Romance","Arunkanth, Arunkanth Venugopal","Arunkanth, Arunkanth Venugopal (story), Arunkanth Venugopal","Arunkanth, Santhana Bharathi, Chaams, Dhanusha Dhanraj",Tamil,India,N/A,5.2
86,Kadhal Mattum Vena,2019,Thriller,Sam Khan,Sam Khan,"Sam Khan, G. Marimuthu, E. Ramdoss",Tamil,India,N/A,N/A
87,Arandavanuku Irundadhellam Pei,2019,N/A,M.S. Selva,N/A,"P. Saravanan, Anu Krishna",Tamil,India,N/A,N/A
88,Kanne Kalaimaane,2018,Romance,Seenu Ramasamy,N/A,"Tamannaah Bhatia, Udhayanidhi Stalin",Tamil,India,N/A,N/A
89,LKG,2019,N/A,Prabhu,RJ Balaji,"RJ Balaji, Priya Anand, J.K. Rithesh, Ramkumar Ganesan",Tamil,India,N/A,7.5
90,Pettikadai,2019,Drama,Esakki Karvannan,Esakki Karvannan,"Samuthirakani, Veera, Chandini Tamilarasan, Varsha Bollamma",Tamil,India,N/A,N/A
91,Adadae,2019,N/A,Kamal Saromuni,Kamal Saromuni,"Alexander Babu, Aru Pazhani, Vikram Shadev",Tamil,India,N/A,N/A
92,Dha Dha 87,2019,"Action, Drama",Vijay Srig,N/A,"Charu Haasan, Janagaraj, Bala Singh",Tamil,India,N/A,4.1
93,Thadam,2019,"Action, Crime, Thriller",Magizh Thirumeni,"Magizh Thirumeni (dialogue), Magizh Thirumeni (screenplay), Magizh Thirumeni (story)","Arun Vijay, Tanya Hope, Smruthi Venkat, Fefsi Vijayan",Tamil,India,N/A,8.2
94,Thirumanam,2019,Drama,Cheran,Cheran,"Cheran, Sukanya",Tamil,India,N/A,6.7
95,Vilambaram,1987,"Comedy, Crime, Mystery",Balachandra Menon,Balachandra Menon,"M.G. Soman, Balachandra Menon, Thilakan, Ambika",N/A,N/A,N/A,5.7
96,Kabilavasthu,2019,Drama,Nesam Murali,N/A,"Nesam Murali, Nandhini",Tamil,India,N/A,N/A
97,Pottu,2019,Horror,V.C. Vadivudaiyan,V.C. Vadivudaiyan,"Iniya, Namitha, Srushti Dange, Manisha Yadav",Tamil,India,N/A,3.8
98,Sathru,2019,Thriller,Naveen Nanjundan,N/A,"Srushti Dange, Kathir, Laguparan, Marimuthu",N/A,India,N/A,6.1
99,Aghavan,2019,Family,Ezhumalai,Ezhumalai,"Chirashree Anchan, Chinni Jayanth, Kishore, R.N.R. Manohar",Tamil,India,N/A,6.6
100,Gilli Bambaram Goli,2019,N/A,D. Manoharran,N/A,"Ganja' Karuppu, Santhosh Kumar, Naresh, Prasath",Tamil,India,N/A,N/A
101,Ispade Rajavum Idhaya Raniyum,2019,"Drama, Romance",Ranjit Jeyakodi,Ranjit Jeyakodi,"Harish Kalyan, Shilpa Manjunath, Makapa Anand, Bala Saravanan",Tamil,India,N/A,6.2
102,July Kaatril,2019,Romance,K.C. Sundaram,K.C. Sundaram,"Ananth Nag, Anju Kurian, Samyuktha Menon, Sathish",Tamil,India,N/A,7.7
103,Nedunalvaadai,2019,N/A,Selvakannan,Selvakannan,"Elvis Alexander, Mime Gopi, Aindhu Kovilan, Anjali Nair",Tamil,India,N/A,8.8
104,Agni Devi,2019,"Crime, Drama",Jpr,Jpr,"Sathish Krishnan, Bobby Simha",N/A,N/A,N/A,N/A
105,Embiran,2018,N/A,Krishna Pandi,N/A,Rajith Menon,Tamil,India,N/A,N/A
106,Maanasi,2019,Drama,Navaz Suleiman,N/A,"Harissa Beegum, Naresh Madeswar",Tamil,India,N/A,N/A
107,Neerthirai,2019,Drama,Ps Dharan,N/A,"Ashwin Kakumanu, Nassar, Bala Singh, Thalaivasal Vijay",Tamil,India,N/A,N/A
108,Pattipulam,2019,Comedy,Suresh,N/A,"Yogi Babu, Amitha Rao, Veera Samar",Tamil,India,N/A,N/A
109,Saaral,2019,Drama,Rose Mani,N/A,"Azhar, Sri Priyanka, Powerstar Srinivasan",Tamil,India,N/A,N/A
110,Airaa,2019,"Drama, Horror",Sarjun,Priyanka Ravindran,"Nayanthara, Kalaiyarasan, Yogi Babu, Maathevan",Tamil,India,N/A,4.6
111,Super Deluxe,2019,"Action, Crime, Drama, Thriller",Thiagarajan Kumararaja,"Thiagarajan Kumararaja, Nalan Kumarasamy (additional screenplay), Myshkin (additional screenplay), Sekar Neelan (additional screenplay)","Vijay Sethupathi, Fahadh Faasil, Samantha Ruth Prabhu, Ramya Krishnan",Tamil,India,5 wins & 1 nomination.,8.4
112,Natpe Thunai,2019,"Comedy, Drama, Sport",Parthiban Desingu,"Devesh Jeyachandran, Sreekanth","Hiphop Tamizha Adhi, Anagha, Karu Palaniappan, Kousalya",Tamil,India,N/A,6.5
113,Ganesha Meendum Santhipom,2019,Drama,Ratheesh Erate,N/A,"Devika Nambiar, Oviya, Prithvi Rajan, Singampuli",Tamil,India,N/A,2.3
114,Kuppathu Raja,2019,"Comedy, Drama",Baba Bhaskar,Baba Bhaskar,"G.V. Prakash Kumar, Parthiban, Palak Lalwani, Poonam Bajwa",Tamil,India,N/A,5.7
115,Kudimagan,2019,Drama,Sathieshwaran,Sathieshwaran,"Jaikumar, Nanditha Jennifer, Sriram Parthasarathy, Arul Selvan",Tamil,India,N/A,N/A
116,Uriyadi 2,2019,"Action, Thriller",Vijay Kumar,Vijay Kumar,"Vijay Kumar, Vismaya, Sudhakar, Shankar Thas",Tamil,India,N/A,7.3
117,Gangs Of Madras,2019,Action,C.V. Kumar,N/A,"Daniel Balaji, Ashok Kumar Balakrishan, Kalaiarasan Harikrishnan, Harish",Tamil,India,N/A,6.1
118,Rocky: The Revenge,2019,Drama,K.C. Bokadia,K.C. Bokadia,N/A,Tamil,India,N/A,N/A
119,Watchman,2019,Thriller,"Doug Coleman, A.L. Vijay",A.L. Vijay,"G.V. Prakash Kumar, Samyuktha Hegde, Suman, Raj Arjun",Tamil,India,N/A,5.2
120,Zhagaram,2019,"Adventure, Thriller",Krish,"Kava Kamz, Krish","Eden Kuriakosse, Nandha",Tamil,India,N/A,6.4
121,Kanchana 3,2019,"Action, Comedy, Horror",Lawrence Raghavendra,Lawrence Raghavendra,"Lawrence Raghavendra, Oviya, Vedika, Nikki Tamboli","Tamil, Telugu, Kannada",India,N/A,4.2
122,Mehandi Circus,2019,Drama,Raju Saravanan,Raju Murugan,"Shweta Tripathi, Ankur Vikal",Tamil,India,N/A,7.5
123,Vellai Pookal,2019,N/A,Vivek Elangovan,"Shanmuga Bharathi, Vivek Elangovan","Larnell Baxter, Leah Carrell, Leah Marie Carrell, Gabrielle Castronover","English, Tamil",USA,N/A,8.6
124,Alagarum Rendu Allakaium,2019,N/A,K. Thambidurai,K. Thambidurai,"K. Thambidurai, Deepa",N/A,N/A,N/A,N/A
125,Mudivilla Punnagai,2019,Romance,Arokiasamy Clement,Arokiasamy Clement,"Arokiasamy Clement, Rakshita, Nellai Siva",Tamil,India,N/A,N/A
126,Devarattam,2019,"Action, Drama",M. Muthaiah,M. Muthaiah,"Gautham Karthik, Manjima Mohan, Soori, Fefsi Vijayan",Tamil,India,N/A,4
127,K-13,2019,"Action, Drama, Mystery, Thriller",Barath Neelakantan,Barath Neelakantan,"Arulnithi, Shraddha Srinath, Adhik Ravichandran, Vijay Kumar Rajendran",Tamil,India,N/A,6
128,Thanimai,2019,Drama,S. Sivaraman,N/A,"Sonia Agarwal, 'Ganja' Karuppu",Tamil,India,N/A,N/A
129,Thanthai Sol Mikka Manthiram Illai,2019,Drama,"Sivabala Krishnan, Sivabalakrishnan",N/A,"Sivabala Krishnan, Micheal Prabhu, Arun Ramasamy, Priyanka Dharini",Tamil,India,N/A,N/A
130,Enge Sendrai En Uyire,2019,N/A,R.V. Pandi,N/A,"Tharun, Rabiya, Ananya",N/A,N/A,N/A,N/A
131,Kee,2019,"Action, Thriller",Kalees,Kalees,"Jiiva, Nikki Galrani, Anaika Soti, Govind Padmasoorya",Tamil,India,N/A,5.1
132,Unmaiyen Velicham,2019,N/A,P.K. Sivakumar,N/A,"Nizhalgal Ravi, Kirthi Krishna, Vijay Aathik",Tamil,India,N/A,N/A
133,Vedhamanavan,2019,Drama,Pughazhendi,Pughazhendi,"Benjamin, Delhi Ganesh, Mano Jeyanth, Urvashi Joshi",Tamil,India,N/A,N/A
134,100,2019,Action,Sam Anton,Sam Anton,"Atharvaa Murali, Radha Ravi, Yogi Babu, Hansika Motwani",Tamil,India,N/A,6.6
135,Ayogya,2019,"Action, Drama",Venkat Mohan,"Venkat Mohan, Vakkantham Vamsi (story)","Vishal, Parthiban, K.S. Ravikumar, Raashi Khanna",Telugu,India,N/A,6.1
136,Mr. Local,2019,"Action, Comedy, Drama, Romance",M. Rajesh,M. Rajesh,"Sivakarthikeyan, Nayanthara, Radhika Sarathkumar, Sathish",Tamil,India,N/A,3.1
137,Natpuna Ennanu Theriyuma,2018,N/A,Sivakumar,N/A,"Kavin, Ramya Nambeeshan, Raju Jeyamohan, Arunraja Kamaraj",Tamil,India,N/A,N/A
138,Lisaa,2019,Horror,Raju Viswanath,Raju Viswanath,"Anjali, Sam Jones, Makrand Deshpande, Yogi Babu",Tamil,India,N/A,3.5
139,Neeya 2,2018,Drama,Suresh,N/A,"Jai, Raai Laxmi, Catherine Tresa",Tamil,India,N/A,N/A
140,Oviyavai Vitta Yaru,2019,N/A,Rajadurai,N/A,"Sanjeevi, Oviya, Powerstar Srinivasan, Senthil",Tamil,India,N/A,N/A
141,Owdatham,2019,N/A,Ramani,N/A,"S. Nethaji Prabhu, Samaira",Tamil,India,N/A,N/A
142,Perazhagi ISO,2019,"Comedy, Drama, Sci-Fi",C. Vijayan,N/A,"Livingston, Shilpa Manjunath, Vivek Raj, Sachu",Tamil,India,N/A,4.3
143,Rusithu Paar En Anbe,2019,N/A,Matthew Yuvani,N/A,Matthew Yuvani,Tamil,India,N/A,N/A
144,Devi 2,2018,N/A,A.L. Vijay,N/A,"Tamannaah Bhatia, Prabhu Deva, Kovai Sarala, Nandita Shwetha",Tamil,India,N/A,N/A
145,NGK,2019,"Action, Drama",K. Selvaraghavan,K. Selvaraghavan,"Suriya, Sai Pallavi, Rakul Preet Singh, Ponvannan","Tamil, Telugu",India,N/A,6
146,Kolaigaran,2019,"Action, Crime, Drama, Thriller",Andrew Louis,N/A,"Vijay Antony, Ashima Narwal, Arjun Sarja",Tamil,India,N/A,8.6
147,Game Over,2019,"Drama, Thriller",Ashwin Saravanan,"Ramkumar Kaavya, Suman Kumar (content head), Shruti Madan (hindi dialogue), Ashwin Saravanan, Kacharla Venkat (Telugu dialogue)","Taapsee Pannu, Anish Kuruvilla, Maala Parvathi, Vinodhini Vaidynathan","Tamil, Telugu","India, Turkey",2 wins.,7.1
148,Nenjamundu Nermaiyundu Odu Raja,2019,"Comedy, Drama",Karthik Venugopalan,Hp Venugopalan,"Rio Raj, Shirin Kanchwala, R.J. Vignesh, Nanjil Sampath",Tamil,India,N/A,6.3
149,Suttu Pidikka Utharavu,2018,Action,Ramprakash Rayappa,N/A,"Myshkin, Suseenthiran, Vikranth, Athulya",Tamil,India,N/A,N/A
150,Thumbaa,2019,Adventure,Harish Ram L.H.,Harish Ram L.H.,"Kpy Bala, Darshan, Dheena, Keerthi Pandian",Tamil,India,N/A,6
151,Sindhubaadh,2019,"Action, Thriller",S.U. Arun Kumar,N/A,"Vijay Sethupathi, Anjali, Linga, Vivek Prasanna",Tamil,India,N/A,5.7
152,House Owner,2018,Drama,Lakshmi Ramakrishnan,N/A,"Kishore Kumar G., Aishwarya Rajesh, Ashok Selvan",Tamil,India,N/A,N/A
153,Jiivi,2019,"Drama, Thriller",V.J. Gopinath,Babu Tamizh,"Vetri, Karunakaran, Rohini, Rama",Tamil,India,N/A,7.9
154,Darbar,2020,Action,A.R. Murugadoss,"A.R. Murugadoss (Dialogue), A.R. Murugadoss (Screenplay), A.R. Murugadoss (Story)","Rajinikanth, Nayanthara, Sunil Shetty, Yogi Babu",Tamil,India,N/A,6.3
155,Pattas,2020,Action,R.S. Durai Senthilkumar,R.S. Durai Senthilkumar,"Dhanush, Sneha, Mehreen Pirzada, Naveen Chandra",Tamil,India,N/A,N/A
156,Psycho,2020,"Crime, Thriller",Myshkin,Myshkin,"Udhayanidhi Stalin, Aditi Rao Hydari, Nithya Menon, Ram",Tamil,India,N/A,6.8
157,Kannum Kannum Kollaiyadithaal,2020,"Drama, Romance, Thriller",Desingh Periyasamy,Desingh Periyasamy,"Dulquer Salmaan, Gautham Vasudev Menon, Ritu Varma, Rakshan","Tamil, Telugu",India,N/A,7.8
158,Oh My Kadavule,2020,Comedy,Ashwath Marimuthu,N/A,"Ashok Selvan, Ritika Singh, Vani Bhojan, Vijay Sethupathi",Tamil,India,N/A,9.1
159,Naan Sirithaal,2020,"Comedy, Drama",Raana,N/A,"Hiphop Tamizha Adhi, Iswarya Menon, K.S. Ravikumar, Badava Gopi",Tamil,India,N/A,6.5
160,Mafia: Chapter 1,2020,"Action, Crime",Karthick Naren,Karthick Naren,"Arun Vijay, Prasanna, Priya Bhavani Shankar, Thalaivasal Vijay",Tamil,India,N/A,6.1
161,Draupathi,2020,Drama,"Mohan G., Stunt Mahesh",ManikandanPriya (lyricist),"Karunas, Nishanth, Richard Rishi, Sheela",Tamil,India,N/A,5.8
162,Vaanam Kottattum,2020,Drama,Dhana Sekaran,"Mani Ratnam, Dhana Sekaran","Sarath Kumar, Vikram Prabhu, Radhika Sarathkumar, Aishwarya Rajesh",Tamil,India,N/A,6.4
163,Dagaalty,2020,"Action, Comedy, Drama",Vijay Anand,Vijay Anand,"Santhanam, Rittika Sen, Yogi Babu, Radha Ravi",Tamil,India,N/A,5.1
164,Day knight,2020,Thriller,N.K.kandi,N/A,Aadarsh Pullanikat,Tamil,India,N/A,5
165,Taana,2020,"Action, Comedy, Horror",Yuvaraj Subramani,Yuvaraj Subramani,"Yogi Babu, Nandita Shwetha, Vaibhav Reddy",N/A,India,N/A,5.1
166,Naadodigal 2,2020,Drama,Samuthirakani,N/A,"M. Sasikumar, Anjali, Athulya Ravi, Bharani",Tamil,India,N/A,6.1
167,Seeru,2020,"Action, Drama","Rathina Shiva, Sami Rajalingam(co-director)",Rathina Shiva,"Jiiva, Navdeep, Riya Suman, Varun",Tamil,India,N/A,5.4
168,God Father,2020,"Action, Drama, Thriller",Jegan Rajshekar,Jegan Rajshekar,"Ananya, Ashwanth Ashokkumar, Lal, Marimuthu",Tamil,India,N/A,6.8
169,Gypsy,2020,Drama,Raju Murugan,Raju Murugan,"Jiiva, Natasha Singh, Lal Jose, Sunny Wayne",Tamil,India,N/A,7.7
170,Walter,2020,Thriller,Anbarasan,Anbarasan,"Yogi Babu, Sanam Shetty, Sibiraj",Tamil,India,N/A,N/A
171,Dharala Prabhu,2020,Comedy,Krishna Marimuthu,N/A,"Tanya Hope, Harish Kalyan",Tamil,India,N/A,7.9
